{
  "hardware": {
    "cpu_cores": 96,
    "cpu_threads": 192,
    "memory_total": 1081834999808,
    "gpu_count": 1
  },
  "metrics": {
    "avg_cpu_usage": 10.288,
    "max_cpu_usage": 35.5,
    "avg_memory_usage": 0.008136457039716962,
    "max_memory_usage": 0.008136457039716962,
    "avg_gpu_usage": 0.0,
    "max_gpu_usage": "0"
  },
  "task_type": "graph_bfs",
  "time_window": {
    "start": 1747919410.203,
    "end": 1747919413.149,
    "duration_ms": 2945.99986076355
  }
}