{
  "hardware": {
    "cpu_cores": 96,
    "cpu_threads": 192,
    "memory_total": 1081834999808,
    "gpu_count": 1
  },
  "metrics": {
    "avg_cpu_usage": 10.630952380952381,
    "max_cpu_usage": 15.0,
    "avg_cpu_load_balance_std": 9.701237788494675,
    "avg_cpu_load_balance_max_diff": 98.36666666666666,
    "ctx_switch_voluntary_total": 0,
    "ctx_switch_involuntary_total": 0,
    "ctx_switch_voluntary_per_sec": 0.34290907420115907,
    "ctx_switch_involuntary_per_sec": 0.0,
    "avg_memory_usage": 0.007862988138614727,
    "max_memory_usage": 0.007875212025412416,
    "avg_gpu_usage": 0.0,
    "max_gpu_usage": "0",
    "avg_gpu_memory_percent": 1.844671063344732,
    "max_gpu_memory_percent": 1.844671063344732,
    "avg_gpu_pcie_throughput": 0.023809523809523808,
    "max_gpu_pcie_throughput": "1"
  },
  "task_type": "matrix_multiply",
  "cache_metrics": {
    "L1_miss": 0,
    "LLC_miss": 0,
    "instructions": 0
  },
  "time_window": {
    "start": 1747927540.636,
    "end": 1747927549.904,
    "duration_ms": 9268.00012588501
  }
}